{
  "none": [0.0, 0.0, 0.0, 0.0],
  "border": [0.4, 0.4, 0.4, 1.0],
  "path": [1.0, 1.0, 1.0, 0.95],
  "overlay_reachable": [0.1, 0.8, 0.3, 0.2],
  "overlay_foreign": [0.0, 0.0, 0.0, 0.2],
  "overlay_none": [0.0, 0.0, 0.0, 0.0],
  "button_default": [0.0, 0.0, 0.0, 0.0],
  "button_hover": [0.0, 0.0, 0.0, 0.2],
  "button_pressed": [0.0, 0.0, 0.0, 0.4],
  "button_inactive": [0.7, 0.7, 0.7, 0.3],
  "spot_valid": [0.0, 1.0, 0.0, 1],
  "spot_invalid": [1.0, 0.0, 0.0, 1],
  "entity_selection": [0.4, 0.6, 1.0, 1.0],
  "screen_separator": [0.0, 0.0, 0.0, 0.4],
  "too_expensive": [0.7, 0.1, 0.1, 1],
  "price_tag": [0.3, 0.3, 0.3, 1.0],
  "card_separator": [0.0, 0.0, 0.0, 0.02],
  "card_sepia": [0.4392157, 0.25882354, 0.078431375, 1.0],
  "card_background": [0.674, 0.568, 0.517, 1],
  "map_list_default": [0.0, 0.0, 0.0, 0.2],
  "map_list_hover": [0.0, 0.0, 0.0, 0.3],
  "map_list_selected": [0.1, 0.6, 0.9, 0.5]
}